{
  "!": 0.0029303669929504395,
  "\"": 0.0022101044654846192,
  "#": 0.008214437961578369,
  "$": 0.008531272411346436,
  "%": 0.008779346942901611,
  "&": 0.009324085712432862,
  "'": 0.0011112213134765625,
  "(": 0.003048872947692871,
  ")": 0.003048563003540039,
  "*": 0.0021614313125610353,
  "+": 0.0035619020462036135,
  ",": 0.0007868647575378418,
  "-": 0.0011932015419006347,
  ".": 0.0005009770393371582,
  "/": 0.0025899767875671386,
  "0": 0.007089245319366455,
  "1": 0.003947794437408447,
  "2": 0.006678974628448487,
  "3": 0.0063711762428283695,
  "4": 0.006377279758453369,
  "5": 0.007074618339538574,
  "6": 0.007773888111114502,
  "7": 0.0048945069313049315,
  "8": 0.007962572574615478,
  "9": 0.00771019458770752,
  ":": 0.0010019540786743164,
  ";": 0.0012424826622009278,
  "<": 0.003777933120727539,
  "=": 0.00387725830078125,
  ">": 0.003781771659851074,
  "?": 0.004579436779022217,
  "@": 0.013144183158874511,
  "A": 0.007661592960357666,
  "B": 0.010229969024658203,
  "C": 0.007410299777984619,
  "D": 0.009235119819641114,
  "E": 0.008695292472839355,
  "F": 0.006448781490325928,
  "G": 0.00926755666732788,
  "H": 0.008352208137512206,
  "I": 0.0033903598785400392,
  "J": 0.004794371128082275,
  "K": 0.008192038536071778,
  "L": 0.004879355430603027,
  "M": 0.011849915981292725,
  "N": 0.00959419012069702,
  "O": 0.008846664428710937,
  "P": 0.007830488681793212,
  "Q": 0.009875500202178955,
  "R": 0.009690034389495849,
  "S": 0.008486700057983399,
  "T": 0.0053866863250732425,
  "U": 0.0077114105224609375,
  "V": 0.0062885284423828125,
  "W": 0.01143488883972168,
  "X": 0.007430636882781982,
  "Y": 0.005599415302276612,
  "Z": 0.0077199220657348635,
  "[": 0.003907442092895508,
  "\\": 0.0025899767875671386,
  "]": 0.0039042234420776367,
  "^": 0.003009951114654541,
  "_": 0.0015049338340759276,
  "`": 0.0006391882896423339,
  "a": 0.006547820568084717,
  "b": 0.006926882266998291,
  "c": 0.004766738414764405,
  "d": 0.006919181346893311,
  "e": 0.006438243389129639,
  "f": 0.004183065891265869,
  "g": 0.0065575122833251955,
  "h": 0.00626063346862793,
  "i": 0.0027229785919189453,
  "j": 0.0031163573265075685,
  "k": 0.006097948551177979,
  "l": 0.0031456947326660156,
  "m": 0.008313918113708496,
  "n": 0.005367445945739746,
  "o": 0.00575486421585083,
  "p": 0.005625379085540771,
  "q": 0.005624616146087646,
  "r": 0.00309295654296875,
  "s": 0.005551886558532715,
  "t": 0.003776216506958008,
  "u": 0.005345761775970459,
  "v": 0.0042304515838623045,
  "w": 0.007700228691101074,
  "x": 0.004958426952362061,
  "y": 0.004366827011108398,
  "z": 0.00521315336227417,
  "{": 0.003587675094604492,
  "|": 0.0028738975524902344,
  "}": 0.003586256504058838,
  "~": 0.002415192127227783,
  "¡": 0.002400696277618408,
  "¢": 0.005688190460205078,
  "£": 0.006906437873840332,
  "¤": 0.005652832984924317,
  "¥": 0.007790994644165039,
  "¦": 0.0023648738861083984,
  "§": 0.007340550422668457,
  "¨": 0.0009188652038574219,
  "©": 0.009252977371215821,
  "ª": 0.003375232219696045,
  "«": 0.0038054466247558595,
  "¬": 0.0028262615203857424,
  "­": 0.0011932015419006347,
  "®": 0.009794962406158448,
  "¯": 0.0018345952033996583,
  "°": 0.0018053293228149415,
  "±": 0.005491018295288086,
  "²": 0.0027903079986572265,
  "³": 0.002633965015411377,
  "´": 0.000637662410736084,
  "µ": 0.005264973640441895,
  "¶": 0.009309101104736327,
  "·": 0.0005009770393371582,
  "¸": 0.0009605050086975098,
  "¹": 0.0016503214836120605,
  "º": 0.0030133724212646484,
  "»": 0.0038026809692382813,
  "¼": 0.007146024703979492,
  "½": 0.0073107719421386715,
  "¾": 0.008145081996917724,
  "¿": 0.0036699891090393065,
  "À": 0.00830078125,
  "Á": 0.00829925537109375,
  "Â": 0.008803999423980713,
  "Ã": 0.008865249156951905,
  "Ä": 0.008580458164215089,
  "Å": 0.008350133895874023,
  "Æ": 0.012808084487915039,
  "Ç": 0.006774508953094482,
  "È": 0.00933448076248169,
  "É": 0.00933295488357544,
  "Ê": 0.009837698936462403,
  "Ë": 0.009614157676696777,
  "Ì": 0.004029548168182373,
  "Í": 0.004028022289276123,
  "Î": 0.004532766342163086,
  "Ï": 0.004309225082397461,
  "Ð": 0.01012880802154541,
  "Ñ": 0.010797846317291259,
  "Ò": 0.009485852718353272,
  "Ó": 0.009484326839447022,
  "Ô": 0.009989070892333984,
  "Õ": 0.010050320625305175,
  "Ö": 0.009765529632568359,
  "×": 0.003967750072479248,
  "Ø": 0.011337625980377197,
  "Ù": 0.00835059881210327,
  "Ú": 0.008349072933197022,
  "Û": 0.008853816986083984,
  "Ü": 0.00863027572631836,
  "Ý": 0.0062370777130126955,
  "Þ": 0.007831692695617676,
  "ß": 0.00792522430419922,
  "à": 0.007187008857727051,
  "á": 0.0071854829788208004,
  "â": 0.007690227031707764,
  "ã": 0.007751476764678955,
  "ä": 0.0074666857719421385,
  "å": 0.00733877420425415,
  "æ": 0.010891330242156983,
  "ç": 0.004688847064971924,
  "è": 0.007077431678771973,
  "é": 0.007075905799865723,
  "ê": 0.007580649852752685,
  "ë": 0.007357108592987061,
  "ì": 0.0029179930686950685,
  "í": 0.002916467189788818,
  "î": 0.0034212112426757813,
  "ï": 0.0031976699829101562,
  "ð": 0.007411825656890869,
  "ñ": 0.0065711021423339845,
  "ò": 0.006394052505493164,
  "ó": 0.006392526626586914,
  "ô": 0.006897270679473877,
  "õ": 0.006958520412445069,
  "ö": 0.006673729419708252,
  "÷": 0.0029405832290649416,
  "ø": 0.007273268699645996,
  "ù": 0.005984950065612793,
  "ú": 0.005983424186706543,
  "û": 0.0064881682395935055,
  "ü": 0.006264626979827881,
  "ý": 0.004878473281860351,
  "þ": 0.006350219249725342,
  "ÿ": 0.0051038265228271484,
  "Ā": 0.008762514591217041,
  "ā": 0.007648742198944092,
  "Ă": 0.00865797996520996,
  "ă": 0.007544207572937012,
  "Ą": 0.00690467357635498,
  "ą": 0.006012642383575439,
  "Ć": 0.008047962188720703,
  "ć": 0.0054044008255004885,
  "Ĉ": 0.008552706241607666,
  "ĉ": 0.005909144878387451,
  "Ċ": 0.008005774021148682,
  "ċ": 0.005362212657928467,
  "Č": 0.008552706241607666,
  "č": 0.005909144878387451,
  "Ď": 0.01037752628326416,
  "ď": 0.007616519927978516,
  "Đ": 0.01012880802154541,
  "đ": 0.007691800594329834,
  "Ē": 0.009796214103698731,
  "ē": 0.0075391650199890135,
  "Ĕ": 0.00969167947769165,
  "ĕ": 0.007434630393981933,
  "Ė": 0.009290766716003419,
  "ė": 0.007033717632293701,
  "Ę": 0.007715904712677002,
  "ę": 0.005899953842163086,
  "Ě": 0.009837698936462403,
  "ě": 0.007580649852752685,
  "Ĝ": 0.010409963130950928,
  "ĝ": 0.007474279403686524,
  "Ğ": 0.010263943672180175,
  "ğ": 0.0073560595512390135,
  "Ġ": 0.009863030910491944,
  "ġ": 0.007034337520599366,
  "Ģ": 0.007241809368133545,
  "ģ": 0.007157230377197265,
  "Ĥ": 0.009494614601135255,
  "ĥ": 0.007403039932250976,
  "Ħ": 0.010165905952453614,
  "ħ": 0.0070536255836486815,
  "Ĩ": 0.0045940160751342775,
  "ĩ": 0.0034824609756469727,
  "Ī": 0.004491281509399414,
  "ī": 0.0033797264099121095,
  "Ĭ": 0.004386746883392334,
  "ĭ": 0.003275191783905029,
  "Į": 0.0034551024436950684,
  "į": 0.0029444813728332518,
  "İ": 0.003985834121704101,
  "ı": 0.0022788047790527344,
  "Ĳ": 0.008184731006622314,
  "ĳ": 0.005298435688018799,
  "Ĵ": 0.005936777591705323,
  "ĵ": 0.003673994541168213,
  "Ķ": 0.0064629316329956055,
  "ķ": 0.004958534240722656,
  "ĸ": 0.005231058597564698,
  "Ĺ": 0.005517017841339111,
  "ĺ": 0.0037833571434020994,
  "Ļ": 0.004060173034667968,
  "ļ": 0.002803516387939453,
  "Ľ": 0.005742335319519043,
  "ľ": 0.003843033313751221,
  "Ŀ": 0.0053803324699401855,
  "ŀ": 0.003646671772003174,
  "Ł": 0.0058326244354248045,
  "ł": 0.003620553016662598,
  "Ń": 0.010231852531433105,
  "ń": 0.00600510835647583,
  "Ņ": 0.007475650310516358,
  "ņ": 0.004417383670806884,
  "Ň": 0.010736596584320069,
  "ň": 0.006509852409362793,
  "ŉ": 0.006162774562835693,
  "Ŋ": 0.008877003192901611,
  "ŋ": 0.00522613525390625,